{
    "GM (m^3/s^2)": 4.938543842612187,
    "R0 (m)": 286.62249755859375,
    "Stokes coefficients": [
        [
            [
                0,
                0,
                0
            ],
            1.0000029139285591
        ],
        [
            [
                0,
                1,
                0
            ],
            0.00047437641259621255
        ],
        [
            [
                0,
                1,
                1
            ],
            0.0027143858098293222
        ],
        [
            [
                1,
                1,
                1
            ],
            -0.0008912396673873121
        ],
        [
            [
                0,
                2,
                0
            ],
            -0.019193930718909156
        ],
        [
            [
                0,
                2,
                1
            ],
            0.0004882679014719973
        ],
        [
            [
                1,
                2,
                1
            ],
            -9.8523304382804e-05
        ],
        [
            [
                0,
                2,
                2
            ],
            0.0036296010043315296
        ],
        [
            [
                1,
                2,
                2
            ],
            -0.0009156645227599722
        ],
        [
            [
                0,
                3,
                0
            ],
            0.0010901504202297568
        ],
        [
            [
                0,
                3,
                1
            ],
            0.001059065646683283
        ],
        [
            [
                1,
                3,
                1
            ],
            -0.00036163852185956756
        ],
        [
            [
                0,
                3,
                2
            ],
            -0.0007321530067228906
        ],
        [
            [
                1,
                3,
                2
            ],
            -0.0007374094327926781
        ],
        [
            [
                0,
                3,
                3
            ],
            0.0012594222155350534
        ],
        [
            [
                1,
                3,
                3
            ],
            -0.0003345709078897727
        ],
        [
            [
                0,
                4,
                0
            ],
            0.006744143247019538
        ],
        [
            [
                0,
                4,
                1
            ],
            -0.0009253291552284826
        ],
        [
            [
                1,
                4,
                1
            ],
            -0.0007071898419944852
        ],
        [
            [
                0,
                4,
                2
            ],
            -0.0008556865531251399
        ],
        [
            [
                1,
                4,
                2
            ],
            -5.4901334164528475e-05
        ],
        [
            [
                0,
                4,
                3
            ],
            -0.00012684656338188196
        ],
        [
            [
                1,
                4,
                3
            ],
            -0.00047391392819908304
        ],
        [
            [
                0,
                4,
                4
            ],
            0.0007965495590406015
        ],
        [
            [
                1,
                4,
                4
            ],
            0.0023566617013968155
        ],
        [
            [
                0,
                5,
                0
            ],
            3.850603604095671e-06
        ],
        [
            [
                0,
                5,
                1
            ],
            -0.0004039876256785873
        ],
        [
            [
                1,
                5,
                1
            ],
            0.00018003268699380508
        ],
        [
            [
                0,
                5,
                2
            ],
            1.0045193305646363e-06
        ],
        [
            [
                1,
                5,
                2
            ],
            -0.00033700462718003774
        ],
        [
            [
                0,
                5,
                3
            ],
            1.8765993596277023e-05
        ],
        [
            [
                1,
                5,
                3
            ],
            -4.372802447575902e-06
        ],
        [
            [
                0,
                5,
                4
            ],
            0.00032209412377727216
        ],
        [
            [
                1,
                5,
                4
            ],
            0.00012830225504160617
        ],
        [
            [
                0,
                5,
                5
            ],
            1.5181902358561854e-05
        ],
        [
            [
                1,
                5,
                5
            ],
            0.000270077019410866
        ],
        [
            [
                0,
                6,
                0
            ],
            -0.0015672481710440331
        ],
        [
            [
                0,
                6,
                1
            ],
            0.00039311120285540204
        ],
        [
            [
                1,
                6,
                1
            ],
            0.00027450969051253375
        ],
        [
            [
                0,
                6,
                2
            ],
            0.00026526793484686433
        ],
        [
            [
                1,
                6,
                2
            ],
            -0.0001369289241501924
        ],
        [
            [
                0,
                6,
                3
            ],
            8.09475720438507e-05
        ],
        [
            [
                1,
                6,
                3
            ],
            -2.713534158485641e-05
        ],
        [
            [
                0,
                6,
                4
            ],
            -0.00011237605877463412
        ],
        [
            [
                1,
                6,
                4
            ],
            -0.0005069635353347932
        ],
        [
            [
                0,
                6,
                5
            ],
            6.349529872972476e-05
        ],
        [
            [
                1,
                6,
                5
            ],
            -0.00016017485158357364
        ],
        [
            [
                0,
                6,
                6
            ],
            0.0003893700795227905
        ],
        [
            [
                1,
                6,
                6
            ],
            -1.783169754236023e-05
        ],
        [
            [
                0,
                7,
                0
            ],
            3.0065341188734564e-05
        ],
        [
            [
                0,
                7,
                1
            ],
            0.00031207474616738
        ],
        [
            [
                1,
                7,
                1
            ],
            -7.065505713938005e-05
        ],
        [
            [
                0,
                7,
                2
            ],
            -0.00010647473395965406
        ],
        [
            [
                1,
                7,
                2
            ],
            -3.9117569595147014e-05
        ],
        [
            [
                0,
                7,
                3
            ],
            0.0001436537740723238
        ],
        [
            [
                1,
                7,
                3
            ],
            1.015825213328715e-05
        ],
        [
